user_id,product_id,timestamp
312,1752,2024-11-16 03:17:55
195,1737,2024-05-01 12:24:57
202,1626,2024-12-30 17:24:40
381,1585,2024-08-18 14:40:16
275,1537,2024-09-06 02:13:25
449,1721,2024-11-01 14:37:29
20,1533,2024-02-12 10:54:06
232,1467,2024-11-17 04:17:34
450,1043,2024-12-06 21:30:07
126,1531,2024-07-27 21:18:13
203,1752,2024-01-16 05:51:05
286,1396,2024-07-19 10:38:57
392,1645,2024-01-20 03:28:00
98,1298,2024-06-19 16:56:20
204,1905,2024-04-28 06:39:01
397,1847,2024-04-21 00:55:01
237,1170,2024-06-13 01:37:58
151,1627,2024-12-22 22:00:24
28,1706,2024-07-19 18:30:22
463,1145,2024-06-29 00:52:08
425,1661,2024-06-24 10:07:52
47,1739,2024-07-13 10:28:07
58,1184,2024-10-29 10:18:01
300,1960,2024-12-13 07:44:28
357,1559,2024-02-22 13:08:58
202,1423,2024-05-05 14:52:27
231,1025,2024-03-10 11:16:09
233,1604,2024-12-14 05:04:51
365,1917,2024-03-19 10:08:33
452,1465,2024-02-05 00:32:07
129,1331,2024-09-25 15:16:25
333,1928,2024-10-03 07:22:43
408,1167,2024-10-05 23:44:15
376,1126,2024-02-05 09:57:50
59,1723,2024-06-23 12:41:48
325,1371,2024-02-03 03:06:52
269,1724,2024-05-29 03:57:13
373,1810,2024-07-17 17:04:37
314,1972,2024-03-03 02:22:22
194,1563,2024-05-27 19:30:52
23,1786,2024-03-07 08:45:48
468,1343,2024-08-07 14:45:48
447,1675,2024-12-01 00:41:25
77,1166,2024-12-03 09:58:32
75,1183,2024-10-25 17:03:39
365,1052,2024-06-11 22:47:05
158,1316,2024-10-10 13:36:02
394,1984,2024-06-22 07:25:41
148,1641,2024-03-11 04:12:32
61,1920,2024-02-21 02:19:51
492,1207,2024-01-02 08:55:44
319,1783,2024-04-08 07:09:55
7,1469,2024-07-12 06:13:31
438,1510,2024-07-30 01:47:52
414,1005,2024-08-24 02:49:15
452,1505,2024-04-02 09:11:13
112,1602,2024-09-13 02:42:42
244,1464,2024-06-08 06:53:16
227,1081,2024-08-21 11:44:40
308,1006,2024-04-05 00:53:31
452,1560,2024-04-18 00:12:01
318,1643,2024-08-04 12:43:48
420,1845,2024-03-21 15:19:21
26,1189,2024-02-27 13:50:51
29,1668,2024-05-15 13:06:02
19,1148,2024-11-27 14:15:56
17,1683,2024-08-12 12:12:52
430,1617,2024-04-25 21:40:36
170,1942,2024-02-04 01:26:53
26,1111,2024-06-10 22:19:12
92,1165,2024-09-18 00:20:14
146,1625,2024-09-13 16:15:49
355,1716,2024-08-19 01:30:46
294,1806,2024-08-06 07:52:16
91,1989,2024-06-25 20:03:22
384,1592,2024-05-19 21:12:05
477,1036,2024-02-06 03:59:59
394,1306,2024-05-05 08:55:03
189,1919,2024-05-27 03:58:14
420,1069,2024-10-21 13:11:30
219,1863,2024-08-01 18:45:44
34,1299,2024-07-01 20:19:51
69,1124,2024-09-26 18:19:20
441,1281,2024-05-07 20:26:45
270,1423,2024-07-22 18:03:25
108,1712,2024-03-22 04:29:46
314,1059,2024-02-12 10:46:14
293,1747,2024-09-01 06:30:19
271,1089,2024-07-06 20:03:56
371,1705,2024-08-22 20:56:22
479,1807,2024-10-01 11:54:21
148,1437,2024-08-24 10:50:34
435,1324,2024-04-10 20:12:25
270,1588,2024-08-30 01:03:23
182,1949,2024-02-20 09:00:50
315,1576,2024-07-11 18:45:16
267,1746,2024-09-02 09:20:23
255,1504,2024-11-09 18:55:22
93,1904,2024-08-24 16:04:24
120,1725,2024-04-22 19:32:41
100,1001,2024-02-15 21:46:13
13,1476,2024-08-30 21:42:59
408,1120,2024-10-13 09:42:12
435,1212,2024-11-06 12:28:47
316,1424,2024-06-09 19:08:35
24,1341,2024-05-15 18:58:28
287,1825,2024-09-04 13:57:49
109,1011,2024-09-05 18:59:43
104,1706,2024-04-19 08:57:04
131,1809,2024-01-27 08:16:40
158,1307,2024-07-15 18:41:22
282,1331,2024-10-24 21:15:43
4,1116,2024-09-23 08:27:10
171,1349,2024-06-02 19:26:50
371,1582,2024-08-27 05:28:26
492,1029,2024-11-19 03:12:02
90,1198,2024-05-08 08:37:17
427,1346,2024-12-24 04:16:13
345,1490,2024-12-21 19:15:30
243,1816,2024-01-14 19:25:36
331,1139,2024-07-05 23:51:48
80,1642,2024-06-27 21:16:13
457,1885,2024-07-27 12:54:00
459,1343,2024-06-28 14:32:00
402,1833,2024-06-09 18:19:19
476,1760,2024-01-22 18:09:55
428,1533,2024-04-26 06:05:09
290,1742,2024-09-20 09:15:36
162,1568,2024-07-27 02:48:52
10,1213,2024-08-12 05:44:09
351,1339,2024-11-06 12:12:33
470,1909,2024-11-05 01:13:59
182,1067,2024-02-27 23:37:21
144,1860,2024-01-13 02:33:17
174,1384,2024-08-31 07:30:15
274,1862,2024-03-05 10:56:51
293,1620,2024-05-31 07:01:15
96,1609,2024-02-15 09:04:15
443,1801,2024-10-18 20:51:44
158,1722,2024-11-29 03:27:25
162,1726,2024-01-13 06:47:46
140,1423,2024-02-03 17:00:50
255,1898,2024-04-02 06:59:10
191,1462,2024-11-18 03:06:14
487,1309,2024-03-24 22:34:10
269,1309,2024-03-08 23:14:13
58,1383,2024-10-31 20:12:29
20,1796,2024-03-19 11:41:37
468,1094,2024-06-21 08:16:27
260,1025,2024-11-06 07:27:19
248,1926,2024-07-13 04:50:38
79,1194,2024-05-12 02:06:35
473,1495,2024-10-11 10:50:43
448,1536,2024-04-30 12:45:10
398,1335,2024-02-25 15:36:23
394,1892,2024-02-08 03:46:15
421,1960,2024-07-19 10:50:06
347,1135,2024-03-20 16:28:56
371,1037,2024-06-27 09:37:26
199,1730,2024-12-01 20:36:55
268,1118,2024-01-02 14:18:24
160,1954,2024-01-18 02:23:20
352,1868,2024-08-18 19:09:42
447,1089,2024-05-09 10:29:08
240,1910,2024-01-18 22:03:13
53,1533,2024-10-24 13:19:00
338,1763,2024-05-01 08:31:55
12,1591,2024-10-21 13:40:29
160,1654,2024-12-12 11:18:22
108,1328,2024-03-18 21:18:46
99,1293,2024-04-17 10:33:38
273,1326,2024-10-27 02:53:52
226,1687,2024-02-15 16:35:07
140,1152,2024-03-02 03:58:09
141,1117,2024-01-06 22:12:10
491,1637,2024-08-05 08:05:24
264,1104,2024-03-21 05:26:26
278,1358,2024-08-01 08:27:32
164,1277,2024-02-24 23:24:18
483,1721,2024-11-08 05:50:58
146,1587,2024-04-05 01:56:06
88,1072,2024-04-30 22:14:57
314,1913,2024-05-11 13:16:31
277,1454,2024-01-20 16:48:08
67,1029,2024-07-01 19:34:24
463,1691,2024-01-20 14:17:02
55,1392,2024-01-21 21:27:04
45,1436,2024-06-01 04:55:44
92,1721,2024-08-19 12:15:13
457,1606,2024-09-01 11:05:31
429,1706,2024-09-28 14:33:32
229,1631,2024-05-18 02:39:31
160,1340,2024-11-13 11:06:41
102,1730,2024-10-21 12:49:26
344,1828,2024-07-26 04:26:23
41,1997,2024-12-24 08:58:12
387,1782,2024-06-29 20:35:43
291,1134,2024-02-06 02:02:29
417,1821,2024-12-23 04:07:23
358,1479,2024-02-07 18:33:24
234,1317,2024-09-22 19:47:49
330,1727,2024-10-24 16:14:13
239,1481,2024-03-30 23:32:47
486,1229,2024-02-25 19:34:59
441,1917,2024-08-27 14:19:01
133,1934,2024-05-21 03:35:36
201,1187,2024-09-28 16:52:51
470,1681,2024-05-08 06:52:46
404,1881,2024-12-08 16:36:01
167,1464,2024-07-08 07:53:31
16,1066,2024-07-03 14:26:14
58,1359,2024-07-04 21:21:38
237,1866,2024-03-07 07:59:08
145,1786,2024-05-15 09:19:53
310,1588,2024-02-19 11:23:53
261,1105,2024-06-06 13:16:02
419,1731,2024-11-05 10:19:14
55,1333,2024-08-03 23:41:32
333,1072,2024-11-03 17:59:30
155,1545,2024-06-28 00:35:49
206,1604,2024-06-09 13:33:28
123,1635,2024-04-04 15:21:55
281,1162,2024-07-06 08:03:27
197,1067,2024-05-12 07:41:10
107,1833,2024-09-26 13:06:24
303,1441,2024-10-31 14:20:09
223,1580,2024-11-01 18:25:02
176,1557,2024-09-26 13:47:23
121,1177,2024-09-14 07:59:37
343,1079,2024-10-14 03:24:01
477,1728,2024-08-10 23:49:21
429,1498,2024-02-14 09:33:58
304,1610,2024-06-28 18:37:09
167,1568,2024-02-07 22:12:01
421,1455,2024-03-09 10:03:38
158,1978,2024-06-06 14:16:17
36,1612,2024-02-12 05:34:24
351,1833,2024-08-19 14:54:04
395,1839,2024-05-27 03:42:23
168,1506,2024-09-07 11:44:03
339,1062,2024-02-05 03:49:43
112,1836,2024-02-23 22:47:52
455,1594,2024-12-16 18:57:22
387,1651,2024-11-10 12:15:00
1,1775,2024-02-26 23:34:45
339,1152,2024-06-24 22:01:39
273,1298,2024-05-31 10:54:06
316,1591,2024-06-22 15:49:52
101,1210,2024-09-21 16:11:48
450,1324,2024-04-26 09:44:08
292,1813,2024-12-20 15:40:50
348,1311,2024-12-22 17:03:20
483,1959,2024-06-17 19:56:58
368,1937,2024-05-13 16:46:43
46,1596,2024-01-04 03:40:36
314,1522,2024-06-05 23:23:34
434,1130,2024-11-27 01:55:27
151,1063,2024-05-23 09:24:24
462,1562,2024-01-21 15:10:56
1,1720,2024-08-05 11:51:37
421,1367,2024-02-12 14:27:44
441,1288,2024-12-02 04:43:08
16,1240,2024-06-16 15:52:48
360,1604,2024-06-02 02:50:49
321,1325,2024-10-03 10:12:40
196,1415,2024-05-28 04:26:38
223,1558,2024-03-23 00:40:35
340,1177,2024-07-03 10:07:20
72,1192,2024-08-03 16:54:15
197,1863,2024-12-25 00:47:49
185,1860,2024-06-11 00:55:00
79,1295,2024-12-04 22:29:10
344,1128,2024-02-22 03:33:23
6,1073,2024-09-08 19:25:32
9,1147,2024-10-07 03:22:08
454,1498,2024-09-12 12:19:16
224,1998,2024-02-22 17:31:18
44,1140,2024-09-06 10:08:15
413,1425,2024-11-30 01:12:17
234,1915,2024-11-02 09:20:45
357,1618,2024-12-27 07:07:37
218,1638,2024-03-10 19:49:58
233,1521,2024-06-13 17:07:42
283,1839,2024-06-23 18:43:50
197,1363,2024-03-28 16:03:28
96,1434,2024-08-22 19:01:52
4,1591,2024-07-12 11:09:33
434,1748,2024-04-01 22:40:10
365,1513,2024-04-14 13:35:45
211,1948,2024-07-31 02:38:18
296,1375,2024-01-13 23:53:14
20,1581,2024-07-06 16:23:07
361,1377,2024-02-13 22:46:06
298,1493,2024-09-25 03:54:03
41,1145,2024-10-10 13:49:18
375,1539,2024-11-29 17:43:43
385,1797,2024-04-18 12:23:11
239,1529,2024-01-31 09:11:57
268,1911,2024-08-24 22:16:12
46,1251,2024-07-02 11:34:04
323,1759,2024-09-14 18:28:35
492,1684,2024-01-31 07:46:34
351,1648,2024-07-28 09:40:56
409,1593,2024-05-01 08:42:30
314,1054,2024-12-16 22:01:30
176,1547,2024-10-29 08:23:55
6,1480,2024-06-25 07:54:38
263,1927,2024-07-01 05:33:46
294,1751,2024-05-08 17:56:03
216,1361,2024-11-05 23:58:46
151,1296,2024-03-06 01:17:21
19,1711,2024-12-24 09:43:14
306,1767,2024-04-28 02:08:44
373,1803,2024-08-06 22:07:23
134,1062,2024-09-01 09:30:05
243,1592,2024-03-06 15:55:57
294,1052,2024-09-11 21:20:40
150,1828,2024-10-13 08:52:49
320,1027,2024-04-21 09:18:56
249,1084,2024-02-19 06:03:37
259,1078,2024-11-26 16:02:41
402,1284,2024-04-07 21:17:07
68,1630,2024-04-19 02:50:53
141,1878,2024-04-09 19:00:03
8,1759,2024-02-13 07:42:56
310,1178,2024-12-19 11:02:25
303,1756,2024-02-28 16:41:09
338,1457,2024-05-23 14:28:35
414,1179,2024-04-11 11:03:02
401,1717,2024-04-01 17:30:18
249,1185,2024-11-06 10:41:13
271,1882,2024-01-13 20:25:33
176,1086,2024-02-26 08:09:09
305,1956,2024-11-15 03:01:14
79,1857,2024-07-11 14:34:22
386,1422,2024-10-26 04:20:53
197,1243,2024-09-13 13:51:55
226,1743,2024-09-04 14:37:35
86,1215,2024-08-12 09:05:21
376,1862,2024-05-14 00:20:19
28,1657,2024-04-12 16:20:40
387,1839,2024-02-15 01:08:45
27,1171,2024-06-29 04:55:57
205,1487,2024-04-27 00:56:42
244,1764,2024-10-19 05:08:09
473,1545,2024-03-31 17:52:52
195,1699,2024-10-01 00:44:29
200,1485,2024-04-11 23:50:37
75,1543,2024-12-03 23:34:35
223,1012,2024-04-22 03:44:18
475,1816,2024-06-23 07:18:41
196,1694,2024-05-02 14:25:52
493,1542,2024-09-22 04:52:06
490,1042,2024-02-07 19:30:04
470,1544,2024-09-04 13:13:25
182,1979,2024-11-23 20:52:49
222,1625,2024-12-22 12:46:18
334,1878,2024-04-15 20:43:42
172,1276,2024-04-13 17:26:19
411,1100,2024-04-09 03:58:40
336,1598,2024-05-31 21:49:02
237,1791,2024-09-19 06:10:09
384,1247,2024-10-12 04:17:50
345,1602,2024-10-26 05:33:18
100,1532,2024-05-11 00:51:26
347,1706,2024-03-10 20:56:41
161,1560,2024-01-05 02:35:38
345,1008,2024-11-18 23:54:28
35,1012,2024-06-08 17:06:58
51,1537,2024-02-10 08:29:09
351,1456,2024-05-16 12:22:13
113,1742,2024-04-20 00:31:10
129,1197,2024-01-14 05:17:32
13,1634,2024-02-05 16:57:17
30,1961,2024-08-18 17:46:22
337,1915,2024-11-20 11:02:36
112,1973,2024-08-20 18:40:22
327,1124,2024-10-01 23:44:17
491,1122,2024-02-03 13:10:45
439,1619,2024-02-20 10:49:24
193,1672,2024-10-23 15:40:13
461,1663,2024-08-07 20:08:37
412,1990,2024-03-12 18:10:05
459,1113,2024-09-27 03:57:42
95,1259,2024-04-24 09:34:42
240,1676,2024-12-29 13:50:57
39,1654,2024-06-25 02:24:07
473,1283,2024-10-25 18:56:48
219,1708,2024-12-16 20:13:08
342,1788,2024-10-26 02:02:06
166,1263,2024-03-03 21:37:58
400,1075,2024-04-17 16:30:23
398,1063,2024-05-28 15:56:43
199,1340,2024-01-24 07:47:13
133,1978,2024-11-11 15:51:11
136,1182,2024-06-20 02:27:18
36,1503,2024-12-26 15:03:05
103,1624,2024-06-01 11:37:05
92,1660,2024-07-10 02:18:23
56,1147,2024-07-28 23:03:24
394,1441,2024-03-25 19:30:34
315,1658,2024-02-11 06:19:08
468,1452,2024-10-04 20:00:51
133,1105,2024-01-14 12:55:37
38,1072,2024-08-09 21:19:02
373,1256,2024-10-28 20:22:31
229,1019,2024-12-14 04:06:04
255,1152,2024-09-10 13:08:45
328,1000,2024-12-28 07:11:59
20,1680,2024-05-31 15:34:22
137,1155,2024-09-28 20:59:14
169,1926,2024-05-31 23:27:48
295,1003,2024-07-19 03:43:03
363,1962,2024-10-26 10:09:12
252,1489,2024-06-18 08:21:07
207,1864,2024-10-09 15:17:02
400,1831,2024-11-01 00:17:17
36,1553,2024-03-28 17:02:42
2,1393,2024-09-24 16:22:51
419,1798,2024-07-06 05:11:02
63,1580,2024-07-26 21:23:44
479,1367,2024-05-09 11:53:00
350,1310,2024-06-04 14:00:02
29,1647,2024-09-08 07:10:14
47,1374,2024-07-26 15:04:41
437,1983,2024-05-12 01:36:53
42,1861,2024-06-27 12:08:57
390,1784,2024-04-22 14:36:38
332,1207,2024-03-09 14:12:06
284,1040,2024-05-29 04:39:53
339,1195,2024-04-26 01:40:24
357,1399,2024-12-14 03:37:09
55,1645,2024-09-24 12:28:41
184,1498,2024-02-02 22:58:32
454,1647,2024-06-19 02:18:15
377,1194,2024-02-24 08:21:46
19,1197,2024-01-10 20:24:54
369,1607,2024-04-02 14:50:33
251,1398,2024-01-25 11:08:01
406,1553,2024-09-06 20:59:37
158,1511,2024-07-26 08:40:54
495,1854,2024-11-11 06:19:12
231,1989,2024-01-07 09:01:46
19,1347,2024-01-22 18:27:55
173,1806,2024-10-07 00:19:07
22,1415,2024-02-15 21:35:01
109,1826,2024-09-10 22:19:23
342,1535,2024-06-27 00:19:17
482,1694,2024-12-03 22:51:07
448,1549,2024-02-27 20:20:54
380,1593,2024-03-31 11:35:01
474,1073,2024-01-15 07:43:29
377,1144,2024-07-08 20:49:44
335,1019,2024-07-02 00:05:07
465,1940,2024-08-28 03:38:44
24,1248,2024-09-29 08:33:36
333,1133,2024-01-06 13:53:36
89,1647,2024-01-20 09:38:32
464,1314,2024-11-14 17:50:38
407,1099,2024-06-26 03:56:54
313,1174,2024-11-20 10:02:47
303,1065,2024-11-13 14:27:00
419,1108,2024-02-14 08:13:54
255,1609,2024-11-06 08:51:10
316,1225,2024-01-25 12:13:43
412,1207,2024-06-14 12:34:43
173,1830,2024-11-20 15:06:53
378,1694,2024-06-05 02:59:30
167,1123,2024-09-22 16:09:57
295,1558,2024-02-23 08:00:10
165,1856,2024-11-04 00:14:36
110,1782,2024-01-18 16:53:50
304,1177,2024-05-10 07:07:17
33,1123,2024-04-16 08:52:16
73,1775,2024-06-10 05:31:07
87,1713,2024-05-23 15:58:21
284,1168,2024-06-19 08:37:07
125,1947,2024-08-14 00:30:03
21,1136,2024-02-08 19:46:04
406,1867,2024-09-02 12:28:51
314,1385,2024-10-29 00:19:54
81,1016,2024-12-07 14:43:02
250,1082,2024-01-03 11:10:56
4,1183,2024-12-25 16:13:19
46,1723,2024-09-10 02:48:15
304,1908,2024-04-20 04:34:10
214,1710,2024-11-09 13:37:24
406,1791,2024-07-03 20:45:28
355,1129,2024-03-21 01:33:09
74,1655,2024-04-15 05:26:04
268,1461,2024-06-09 00:24:37
123,1960,2024-03-08 18:54:50
313,1708,2024-01-15 14:39:18
306,1184,2024-10-05 12:46:36
256,1626,2024-02-04 04:25:01
322,1846,2024-10-30 22:12:09
155,1356,2024-06-11 15:22:02
3,1571,2024-04-01 12:18:53
99,1120,2024-07-24 21:48:46
49,1633,2024-05-20 13:09:52
442,1779,2024-07-28 14:34:52
260,1224,2024-06-29 06:48:24
395,1641,2024-09-13 01:22:28
107,1283,2024-01-21 14:38:20
100,1115,2024-11-05 08:58:15
77,1701,2024-11-23 16:36:55
496,1933,2024-07-03 05:50:53
255,1180,2024-03-03 01:04:02
344,1944,2024-01-17 17:51:59
28,1660,2024-05-21 10:31:31
146,1214,2024-06-17 19:26:00
129,1342,2024-08-27 13:10:22
413,1911,2024-10-21 12:52:30
233,1044,2024-02-10 13:16:30
380,1053,2024-12-25 04:19:57
276,1180,2024-03-02 09:05:30
403,1029,2024-07-07 09:05:59
264,1118,2024-01-28 12:27:30
459,1240,2024-10-07 03:57:50
228,1606,2024-08-13 03:46:17
167,1429,2024-03-18 04:29:50
383,1693,2024-12-14 21:26:27
167,1235,2024-10-29 12:34:33
57,1333,2024-03-29 11:04:57
51,1242,2024-10-13 12:18:30
212,1890,2024-03-18 15:43:24
193,1912,2024-03-26 16:43:33
38,1482,2024-08-15 05:27:18
249,1055,2024-12-11 19:57:27
224,1148,2024-03-24 22:48:19
476,1624,2024-06-25 16:49:20
92,1396,2024-05-25 01:07:59
70,1468,2024-10-06 13:13:12
100,1647,2024-05-19 06:18:09
500,1276,2024-03-19 12:44:31
172,1130,2024-01-13 11:08:35
355,1582,2024-01-24 03:59:39
144,1139,2024-02-13 03:36:48
437,1476,2024-06-27 02:15:55
215,1175,2024-10-22 06:52:42
176,1225,2024-12-10 05:55:49
152,1618,2024-03-01 21:22:16
405,1813,2024-09-04 18:35:01
488,1626,2024-12-17 16:35:58
88,1591,2024-08-02 16:03:21
438,1235,2024-02-03 13:59:57
211,1877,2024-07-21 15:14:15
251,1882,2024-03-25 01:23:28
303,1484,2024-11-21 01:18:11
237,1285,2024-01-06 15:11:08
374,1438,2024-10-12 21:41:03
447,1252,2024-04-06 05:57:23
168,1444,2024-08-13 01:01:27
114,1913,2024-12-26 04:44:13
303,1968,2024-02-27 20:29:53
468,1587,2024-12-14 20:18:48
3,1427,2024-01-18 04:11:57
21,1481,2024-10-11 20:29:40
394,1516,2024-01-14 01:21:58
218,1543,2024-06-02 03:19:48
246,1829,2024-11-05 22:03:44
357,1841,2024-02-08 01:25:07
232,1507,2024-04-03 09:43:46
43,1571,2024-10-19 11:12:07
7,1709,2024-10-11 04:44:33
209,1972,2024-03-25 15:58:03
68,1367,2024-04-24 20:57:59
123,1663,2024-02-05 05:39:37
9,1491,2024-09-16 19:51:49
157,1165,2024-09-30 03:16:22
236,1878,2024-08-09 12:20:03
383,1597,2024-01-10 11:33:00
500,1465,2024-06-29 02:33:44
396,1141,2024-12-05 12:07:32
361,1415,2024-03-12 19:49:09
405,1892,2024-05-23 20:34:08
321,1475,2024-09-30 08:50:33
325,1001,2024-11-30 03:20:51
322,1072,2024-05-29 11:20:05
458,1707,2024-05-09 06:54:36
272,1033,2024-04-25 04:25:08
219,1770,2024-04-14 18:37:09
358,1968,2024-08-25 20:55:31
278,1589,2024-11-04 13:04:43
107,1806,2024-09-22 21:32:31
42,1635,2024-12-08 02:05:29
172,1753,2024-12-28 01:08:13
29,1527,2024-12-19 09:51:11
346,1372,2024-12-10 20:33:14
27,1113,2024-05-28 17:23:57
188,1476,2024-08-28 10:44:31
21,1374,2024-05-22 07:24:11
90,1663,2024-08-05 00:18:16
361,1068,2024-08-05 18:38:43
364,1792,2024-03-20 12:03:34
71,1342,2024-04-02 16:13:04
277,1116,2024-09-09 01:28:34
245,1755,2024-12-30 17:29:35
386,1594,2024-12-04 07:31:58
492,1719,2024-03-22 11:25:17
386,1762,2024-10-22 11:58:14
116,1328,2024-05-16 23:30:39
460,1273,2024-07-14 13:34:30
349,1433,2024-04-17 15:10:54
28,1064,2024-05-24 18:52:34
177,1463,2024-07-07 19:57:47
257,1539,2024-11-18 04:03:28
63,1481,2024-10-02 16:03:04
273,1694,2024-11-16 13:05:24
273,1921,2024-04-23 12:06:04
232,1635,2024-05-22 23:22:04
410,1689,2024-09-26 05:18:26
415,1963,2024-12-08 23:22:16
34,1192,2024-12-12 09:08:25
453,1468,2024-02-03 21:46:35
42,1400,2024-12-14 17:27:43
92,1295,2024-01-30 21:12:03
56,1168,2024-04-17 03:58:21
58,1713,2024-02-27 11:01:53
255,1154,2024-12-05 19:31:37
105,1533,2024-08-31 14:38:16
12,1300,2024-06-10 18:24:10
497,1698,2024-07-29 06:32:22
478,1135,2024-07-03 01:06:50
178,1430,2024-06-21 09:04:31
378,1660,2024-01-09 08:13:46
150,1193,2024-01-25 10:43:55
12,1892,2024-11-07 11:04:48
119,1854,2024-07-20 19:12:50
331,1343,2024-06-08 21:14:42
297,1351,2024-09-11 16:07:51
331,1805,2024-05-06 17:23:46
249,1607,2024-09-15 14:13:17
357,1542,2024-11-22 23:09:00
281,1455,2024-06-26 20:56:07
156,1580,2024-02-21 05:54:09
460,1808,2024-04-29 00:44:25
88,1808,2024-04-10 23:26:42
117,1495,2024-05-24 10:22:50
498,1295,2024-10-25 22:35:15
433,1048,2024-02-27 14:36:48
181,1291,2024-06-26 01:32:35
490,1170,2024-08-28 06:03:05
474,1164,2024-10-03 10:34:13
275,1292,2024-03-11 18:58:38
499,1179,2024-11-21 23:08:17
363,1709,2024-12-17 08:31:08
342,1813,2024-02-29 14:34:55
83,1243,2024-02-15 09:44:54
22,1324,2024-08-11 02:57:45
65,1451,2024-04-11 03:10:15
190,1188,2024-03-20 16:11:11
288,1724,2024-01-14 11:19:32
341,1324,2024-05-13 12:53:11
76,1381,2024-06-23 03:39:43
277,1998,2024-03-04 03:31:10
274,1308,2024-02-17 04:22:08
472,1025,2024-06-06 02:47:39
477,1511,2024-10-25 11:06:30
75,1970,2024-06-26 21:14:56
476,1327,2024-03-01 14:31:18
3,1993,2024-10-13 19:16:19
280,1999,2024-07-16 01:23:41
170,1662,2024-09-30 23:16:59
152,1485,2024-12-13 23:06:54
149,1992,2024-10-19 21:17:45
294,1682,2024-02-27 02:55:02
410,1578,2024-10-09 22:31:12
465,1944,2024-06-20 16:43:20
174,1705,2024-02-13 14:51:26
375,1490,2024-12-15 14:14:03
21,1142,2024-09-20 07:29:44
283,1119,2024-04-29 15:32:03
13,1411,2024-08-27 19:43:19
431,1225,2024-06-22 04:46:00
183,1094,2024-05-06 17:57:21
29,1622,2024-09-06 01:28:01
100,1597,2024-07-23 10:43:08
114,1800,2024-12-29 09:01:50
393,1284,2024-03-17 00:12:08
12,1085,2024-07-28 02:21:58
435,1456,2024-09-19 22:41:17
344,1980,2024-02-03 22:24:43
500,1524,2024-06-02 04:17:40
100,1502,2024-05-03 09:43:02
309,1619,2024-07-17 16:02:45
484,1057,2024-12-18 19:20:21
342,1369,2024-06-03 09:30:32
76,1733,2024-11-27 14:01:50
219,1378,2024-05-29 22:49:49
191,1012,2024-04-20 13:08:01
177,1359,2024-04-29 15:33:48
229,1895,2024-08-05 21:12:24
45,1220,2024-10-09 16:05:05
455,1454,2024-10-14 23:32:19
213,1822,2024-06-20 20:26:22
148,1167,2024-11-08 21:24:52
373,1993,2024-12-14 15:23:25
218,1746,2024-12-14 03:19:20
213,1142,2024-11-20 11:31:54
301,1612,2024-02-03 10:18:17
74,1212,2024-04-27 18:19:08
244,1888,2024-07-23 00:09:38
172,1067,2024-12-28 09:36:58
492,1604,2024-10-20 15:29:37
193,1090,2024-01-03 13:41:32
210,1654,2024-12-21 02:55:24
140,1424,2024-03-08 22:07:15
285,1473,2024-10-02 19:58:54
291,1773,2024-12-21 07:13:34
71,1204,2024-03-13 05:42:19
427,1390,2024-04-22 09:59:32
284,1502,2024-01-17 09:38:21
422,1846,2024-04-27 06:46:40
428,1599,2024-04-28 00:41:14
253,1572,2024-10-14 07:57:28
238,1229,2024-01-11 10:10:01
406,1002,2024-02-29 19:36:26
135,1307,2024-09-05 18:24:26
428,1651,2024-07-02 12:24:10
64,1669,2024-09-15 14:45:47
458,1294,2024-06-11 00:10:58
92,1503,2024-12-18 03:55:30
353,1660,2024-04-05 01:14:16
15,1122,2024-10-23 23:41:30
142,1504,2024-01-26 21:55:13
307,1763,2024-05-20 11:50:34
298,1492,2024-08-07 15:32:14
224,1889,2024-04-10 03:54:35
322,1702,2024-07-03 21:01:15
499,1710,2024-11-13 18:55:47
62,1382,2024-07-18 01:05:14
376,1589,2024-01-07 19:31:55
433,1265,2024-03-04 05:50:46
298,1059,2024-02-26 18:05:48
164,1472,2024-12-07 02:30:36
355,1138,2024-05-18 19:04:26
84,1054,2024-04-15 21:28:18
185,1429,2024-09-04 02:15:11
467,1978,2024-05-18 06:00:51
25,1296,2024-04-23 06:30:23
272,1654,2024-12-29 15:06:25
40,1526,2024-03-16 06:29:06
393,1643,2024-03-12 03:59:25
392,1096,2024-08-20 12:52:15
386,1171,2024-07-30 03:45:58
166,1893,2024-05-02 19:17:41
424,1865,2024-09-23 00:21:23
410,1308,2024-04-15 10:10:51
351,1714,2024-09-24 07:51:20
186,1098,2024-07-26 13:09:30
297,1360,2024-11-15 17:51:01
74,1013,2024-02-23 04:27:40
266,1288,2024-05-24 20:44:39
399,1496,2024-06-09 00:04:01
175,1943,2024-12-19 17:09:33
84,1104,2024-03-25 14:45:12
80,1515,2024-03-26 20:55:37
426,1192,2024-11-04 18:55:54
460,1572,2024-08-26 05:34:00
354,1851,2024-07-23 03:26:21
434,1544,2024-10-03 17:25:14
283,1719,2024-10-20 17:17:23
411,1116,2024-06-11 01:56:56
236,1938,2024-01-30 16:06:09
60,1838,2024-02-20 23:10:20
473,1017,2024-07-05 05:26:01
179,1319,2024-09-25 09:03:33
186,1142,2024-11-13 07:21:09
227,1911,2024-08-20 02:29:20
268,1781,2024-05-12 20:05:30
89,1726,2024-04-28 07:51:47
15,1762,2024-11-12 08:22:51
61,1227,2024-02-19 23:42:21
439,1710,2024-02-25 06:53:06
353,1232,2024-04-29 09:26:22
65,1214,2024-02-20 13:43:19
41,1435,2024-09-25 06:53:30
391,1802,2024-02-13 09:19:34
40,1019,2024-10-27 20:39:20
248,1775,2024-06-16 11:31:04
22,1201,2024-02-11 20:55:51
17,1812,2024-09-13 05:40:39
263,1607,2024-01-24 00:23:31
241,1121,2024-12-18 20:06:24
130,1044,2024-01-26 17:28:12
155,1683,2024-01-04 23:44:44
387,1098,2024-10-30 20:13:28
64,1942,2024-08-21 17:06:27
106,1601,2024-12-15 23:33:30
103,1189,2024-09-17 10:27:03
180,1029,2024-02-05 06:07:28
75,1866,2024-10-16 19:04:10
483,1284,2024-08-13 03:40:27
179,1360,2024-03-03 08:30:10
438,1512,2024-10-30 05:36:12
374,1627,2024-04-03 21:56:57
259,1583,2024-01-27 12:56:50
51,1839,2024-08-12 12:35:47
391,1014,2024-07-24 09:08:03
112,1732,2024-03-15 09:21:08
494,1288,2024-03-07 17:02:40
462,1772,2024-07-27 14:22:54
3,1996,2024-10-08 16:44:45
51,1946,2024-03-24 02:46:04
472,1516,2024-11-26 14:39:40
363,1486,2024-05-22 07:40:58
358,1603,2024-03-12 21:29:50
226,1689,2024-02-11 16:20:12
93,1854,2024-05-17 19:11:02
195,1434,2024-03-24 05:10:42
264,1233,2024-06-07 06:54:07
58,1779,2024-05-02 01:18:16
64,1477,2024-02-12 20:13:16
267,1139,2024-07-11 13:20:24
391,1369,2024-09-30 16:34:05
148,1570,2024-10-07 10:48:02
21,1084,2024-05-07 10:15:26
253,1118,2024-05-29 10:25:11
146,1467,2024-08-21 04:02:08
377,1319,2024-09-23 19:44:16
500,1861,2024-06-21 09:58:07
116,1567,2024-06-07 04:08:43
149,1875,2024-06-15 04:53:30
97,1877,2024-01-28 00:48:15
459,1861,2024-11-07 15:14:57
244,1961,2024-09-20 17:57:38
189,1183,2024-01-05 23:10:21
346,1503,2024-09-18 00:23:02
54,1405,2024-06-19 02:59:59
268,1674,2024-09-19 17:36:39
44,1122,2024-02-25 16:16:57
203,1410,2024-09-26 22:12:55
303,1104,2024-10-14 22:38:54
474,1913,2024-03-06 12:36:51
34,1372,2024-03-18 07:37:10
174,1205,2024-08-19 01:26:12
433,1413,2024-02-17 16:13:34
120,1858,2024-06-13 22:31:48
372,1511,2024-04-18 03:58:44
392,1730,2024-10-24 11:22:40
298,1607,2024-04-16 00:17:26
388,1808,2024-11-07 01:42:50
330,1965,2024-06-04 10:27:55
183,1487,2024-09-15 21:52:48
309,1972,2024-06-06 01:41:15
249,1523,2024-04-18 07:26:56
76,1786,2024-06-25 13:30:10
56,1125,2024-04-07 08:35:55
251,1509,2024-03-30 15:24:54
322,1965,2024-02-22 06:38:27
16,1101,2024-10-13 12:46:44
28,1850,2024-01-27 11:56:14
256,1694,2024-01-11 09:19:03
498,1183,2024-05-28 14:23:52
310,1695,2024-05-06 23:26:59
79,1310,2024-08-29 13:09:01
320,1098,2024-10-22 05:18:41
40,1676,2024-10-18 21:30:38
267,1785,2024-07-10 03:31:12
406,1477,2024-03-19 10:08:25
151,1677,2024-07-12 08:45:19
252,1516,2024-04-11 14:53:49
278,1351,2024-11-10 08:54:55
441,1553,2024-07-31 06:52:04
10,1975,2024-10-23 16:40:08
17,1440,2024-12-07 19:21:56
469,1121,2024-05-28 23:41:22
231,1322,2024-11-27 05:21:52
193,1453,2024-06-27 12:18:24
19,1033,2024-03-09 16:32:24
286,1675,2024-11-30 03:08:34
400,1310,2024-12-09 14:00:13
362,1168,2024-07-09 20:55:19
221,1137,2024-05-01 08:20:06
367,1398,2024-07-08 07:24:33
392,1112,2024-08-08 22:06:53
346,1502,2024-09-13 08:22:42
284,1701,2024-07-28 11:30:05
293,1481,2024-07-03 19:48:45
288,1874,2024-03-01 16:55:25
260,1057,2024-05-31 23:58:15
135,1506,2024-08-17 12:56:23
498,1386,2024-08-27 14:17:40
347,1361,2024-10-24 16:01:31
146,1328,2024-01-24 20:30:46
15,1604,2024-01-18 12:32:04
66,1857,2024-05-22 07:11:22
179,1828,2024-10-15 04:28:25
299,1027,2024-10-24 04:07:30
457,1640,2024-05-12 12:44:28
195,1099,2024-06-15 06:37:49
177,1365,2024-06-08 23:27:43
180,1057,2024-09-13 19:12:12
126,1253,2024-04-01 02:50:10
332,1319,2024-08-18 02:47:43
44,1932,2024-09-24 04:32:36
34,1889,2024-04-28 09:59:24
59,1345,2024-03-06 22:27:26
11,1551,2024-05-06 15:37:45
20,1471,2024-09-12 10:50:24
443,1432,2024-08-08 14:36:15
264,1923,2024-06-12 13:36:48
137,1020,2024-09-27 06:48:11
241,1602,2024-01-09 15:15:31
163,1386,2024-08-09 12:04:49
200,1330,2024-08-10 08:26:49
51,1827,2024-07-08 15:49:56
52,1707,2024-09-19 04:29:36
106,1344,2024-07-11 21:52:19
258,1830,2024-10-24 01:25:15
342,1347,2024-03-05 17:04:41
315,1306,2024-05-21 02:31:16
497,1446,2024-03-19 08:31:36
255,1650,2024-11-25 01:43:34
499,1806,2024-01-30 06:02:39
431,1870,2024-07-27 02:20:06
110,1294,2024-04-12 23:25:28
25,1304,2024-08-10 17:36:01
206,1823,2024-03-28 17:24:35
320,1760,2024-02-05 17:06:32
368,1864,2024-08-12 13:09:06
49,1606,2024-05-10 19:33:29
140,1068,2024-08-07 23:29:39
411,1543,2024-07-03 13:49:20
219,1214,2024-05-14 21:13:27
408,1078,2024-09-10 00:45:47
422,1309,2024-07-14 23:34:52
412,1307,2024-06-17 03:01:05
340,1552,2024-05-01 16:39:40
103,1424,2024-06-05 05:43:00
129,1639,2024-07-19 03:35:21
233,1687,2024-10-23 11:47:49
281,1184,2024-12-08 02:33:04
10,1642,2024-09-30 03:31:33
265,1883,2024-03-13 10:40:08
296,1511,2024-03-23 16:51:50
339,1985,2024-11-15 23:22:44
381,1960,2024-06-30 11:30:28
138,1959,2024-09-04 17:54:16
273,1828,2024-08-26 14:49:51
437,1787,2024-12-18 04:19:21
223,1957,2024-08-07 20:35:15
373,1641,2024-01-24 06:08:15
268,1205,2024-05-21 11:17:09
237,1151,2024-04-03 08:26:51
78,1764,2024-09-23 03:31:14
392,1307,2024-11-23 19:47:14
223,1420,2024-05-03 18:03:46
441,1850,2024-12-19 20:25:11
33,1649,2024-03-20 01:17:54
434,1422,2024-04-13 16:00:44
422,1293,2024-09-07 21:33:14
83,1262,2024-09-23 17:57:06
308,1241,2024-06-06 14:56:41
123,1116,2024-02-28 05:44:58
99,1028,2024-04-05 09:01:59
409,1847,2024-04-30 14:26:52
238,1497,2024-08-05 09:56:50
224,1432,2024-09-08 05:45:01
464,1037,2024-03-19 10:41:16
82,1279,2024-02-22 23:37:32
15,1264,2024-11-02 16:15:22
412,1284,2024-09-12 19:15:21
282,1180,2024-09-07 05:15:13
437,1043,2024-10-07 13:56:44
249,1801,2024-01-08 17:33:46
29,1880,2024-12-14 04:02:12
43,1321,2024-08-21 15:18:57
153,1887,2024-01-25 16:37:27
462,1978,2024-06-07 01:34:43
460,1372,2024-09-17 20:26:14
337,1906,2024-02-05 01:42:56
204,1965,2024-11-22 03:36:03
371,1862,2024-02-24 14:06:56
121,1114,2024-08-09 17:51:27
377,1512,2024-12-28 07:35:19
62,1534,2024-09-14 22:57:08
425,1594,2024-10-28 00:36:12
477,1537,2024-04-07 19:01:16
255,1905,2024-02-05 01:10:46
122,1614,2024-02-17 11:42:09
396,1826,2024-05-01 17:11:45
169,1852,2024-08-14 22:18:54
378,1399,2024-11-08 22:59:17
384,1761,2024-04-01 15:06:08
479,1433,2024-03-25 15:59:07
74,1109,2024-03-09 00:33:21
110,1993,2024-04-16 14:57:59
226,1418,2024-04-08 18:18:10
442,1603,2024-01-22 17:15:45
252,1546,2024-05-25 12:30:12
359,1971,2024-02-13 20:52:33
163,1558,2024-06-13 13:55:41
244,1699,2024-04-05 16:07:03
494,1284,2024-12-07 12:54:52
402,1959,2024-02-26 06:40:24
186,1486,2024-10-04 22:32:21
189,1841,2024-04-29 16:21:56
11,1660,2024-12-17 13:20:59
311,1035,2024-11-22 19:05:47
379,1678,2024-11-06 06:40:22
482,1055,2024-09-25 05:37:37
470,1807,2024-09-17 19:45:09
123,1259,2024-08-02 15:47:50
197,1316,2024-09-05 03:26:12
491,1717,2024-05-20 22:03:16
463,1831,2024-09-23 02:58:38
63,1547,2024-12-02 16:35:13
122,1878,2024-06-20 19:29:34
199,1008,2024-12-19 07:50:56
492,1402,2024-12-26 04:59:43
470,1261,2024-04-26 20:28:51
47,1958,2024-11-15 12:11:30
388,1241,2024-04-25 12:10:56
108,1880,2024-12-11 17:42:03
83,1937,2024-06-19 10:20:23
324,1324,2024-12-07 13:13:43
416,1785,2024-09-07 06:31:05
209,1808,2024-01-14 03:48:00
141,1887,2024-02-01 02:32:07
422,1798,2024-07-09 22:54:01
242,1754,2024-06-09 09:04:42
475,1861,2024-05-09 05:11:44
368,1432,2024-12-06 12:00:24
471,1839,2024-02-08 23:45:16
423,1164,2024-09-28 06:19:33
134,1518,2024-01-26 18:35:14
181,1430,2024-08-21 20:07:38
374,1832,2024-07-31 17:11:32
378,1334,2024-06-25 00:42:20
356,1028,2024-10-22 22:07:33
27,1656,2024-09-06 04:04:32
95,1645,2024-06-21 04:50:01
406,1656,2024-02-22 20:28:17
2,1410,2024-03-18 16:50:13
322,1312,2024-05-01 20:05:56
295,1084,2024-02-13 00:59:37
81,1255,2024-07-19 12:52:44
366,1992,2024-10-25 02:37:08
426,1664,2024-10-23 09:11:31
67,1867,2024-08-18 16:37:53
352,1420,2024-11-03 19:57:41
481,1327,2024-06-24 08:11:27
245,1894,2024-10-12 12:18:02
69,1266,2024-03-08 08:56:30
352,1607,2024-11-17 02:02:31
168,1818,2024-04-19 10:32:29
102,1086,2024-06-09 23:23:12
189,1186,2024-06-01 19:37:53
449,1386,2024-11-20 03:46:21
453,1584,2024-03-28 04:22:18
11,1970,2024-01-09 22:05:48
473,1571,2024-09-08 07:28:17
314,1641,2024-03-29 19:42:21
465,1091,2024-06-28 14:06:44
102,1268,2024-09-29 08:13:39
437,1172,2024-01-20 08:00:39
206,1632,2024-06-15 13:40:08
308,1266,2024-02-27 23:07:19
46,1981,2024-05-22 21:15:51
88,1969,2024-08-08 07:05:13
61,1014,2024-10-06 01:40:58
270,1445,2024-10-27 08:13:52
472,1950,2024-06-25 04:51:49
424,1689,2024-07-10 21:48:10
61,1229,2024-10-04 02:53:45
105,1195,2024-11-30 17:49:57
417,1800,2024-04-13 09:11:25
148,1764,2024-07-10 21:58:51
196,1133,2024-06-16 12:05:14
439,1211,2024-08-21 01:10:37
111,1843,2024-04-19 21:26:45
373,1693,2024-03-14 12:59:33
215,1184,2024-06-07 15:43:14
406,1149,2024-01-12 04:11:05
149,1999,2024-04-11 16:08:52
121,1632,2024-06-24 03:24:26
465,1254,2024-05-23 13:16:24
299,1700,2024-09-08 08:40:21
235,1087,2024-01-05 00:11:29
241,1136,2024-12-04 10:26:30
166,1997,2024-09-26 03:26:51
204,1703,2024-03-23 10:00:43
366,1392,2024-10-02 03:15:43
217,1753,2024-08-19 22:16:10
132,1074,2024-02-07 00:04:06
286,1060,2024-01-21 05:43:29
171,1953,2024-04-01 04:52:51
242,1930,2024-05-17 14:19:51
311,1961,2024-09-17 12:13:49
496,1821,2024-08-20 07:55:37
364,1766,2024-11-10 12:22:35
24,1005,2024-04-08 12:15:12
259,1634,2024-05-27 22:35:47
155,1404,2024-09-17 16:36:55
190,1135,2024-12-12 12:08:54
287,1042,2024-08-13 10:31:48
92,1266,2024-03-06 23:16:13
258,1504,2024-12-27 07:16:32
174,1898,2024-06-30 18:52:01
68,1091,2024-05-03 05:36:44
364,1543,2024-06-17 03:11:48
73,1266,2024-02-15 09:02:48
161,1045,2024-02-19 15:50:55
256,1892,2024-11-20 04:56:15
144,1765,2024-05-20 00:57:46
475,1440,2024-04-19 21:03:24
463,1897,2024-04-12 05:21:16
314,1849,2024-10-22 18:17:24
475,1270,2024-07-19 18:32:04
161,1446,2024-12-12 16:18:15
85,1323,2024-10-13 04:07:08
252,1782,2024-02-28 17:53:22
285,1873,2024-12-24 09:36:41
337,1651,2024-11-05 23:57:04
226,1054,2024-03-14 08:51:41
77,1055,2024-03-30 06:27:20
94,1036,2024-07-01 15:01:28
134,1167,2024-10-01 04:03:02
240,1446,2024-02-15 01:25:20
459,1949,2024-07-11 04:54:10
21,1452,2024-05-18 11:00:29
364,1574,2024-07-07 10:23:14
235,1504,2024-02-13 16:29:27
434,1737,2024-12-02 15:54:02
76,1126,2024-05-15 18:32:53
48,1208,2024-12-03 03:57:35
146,1184,2024-11-20 06:19:55
87,1767,2024-07-16 13:46:46
422,1279,2024-08-06 17:50:46
457,1679,2024-08-15 10:54:32
109,1597,2024-01-02 14:27:16
270,1785,2024-08-09 16:07:40
93,1426,2024-12-23 10:52:22
40,1252,2024-10-25 08:38:27
256,1693,2024-02-06 14:59:18
455,1336,2024-01-11 01:59:05
146,1697,2024-09-21 08:01:08
63,1403,2024-05-25 01:48:56
303,1951,2024-02-11 04:38:35
429,1331,2024-02-29 17:17:28
15,1083,2024-06-27 17:41:02
426,1724,2024-09-13 03:21:07
246,1464,2024-09-01 00:42:33
490,1275,2024-08-18 18:23:06
337,1005,2024-05-07 22:28:53
497,1044,2024-09-11 19:58:24
319,1973,2024-06-24 23:13:00
167,1970,2024-10-11 02:29:44
376,1928,2024-11-05 12:53:25
292,1132,2024-03-23 02:04:54
442,1049,2024-11-07 07:03:42
330,1289,2024-05-05 12:10:14
409,1056,2024-10-15 20:43:06
37,1560,2024-08-21 21:45:50
196,1094,2024-06-03 21:37:50
131,1182,2024-04-03 05:42:32
495,1789,2024-12-02 03:11:21
205,1091,2024-01-08 23:11:09
437,1213,2024-03-04 06:43:02
199,1798,2024-06-05 06:36:17
146,1662,2024-10-19 06:21:15
489,1669,2024-02-29 20:38:21
62,1305,2024-07-09 15:00:28
411,1442,2024-10-12 18:59:06
413,1943,2024-04-30 10:21:13
463,1701,2024-08-22 09:09:16
68,1367,2024-09-15 11:05:55
50,1852,2024-05-22 16:56:45
263,1204,2024-07-09 03:37:02
229,1906,2024-05-30 17:15:23
244,1274,2024-08-06 16:04:20
308,1433,2024-02-05 00:55:59
388,1432,2024-11-10 23:00:55
189,1628,2024-03-13 08:57:44
223,1645,2024-06-14 10:46:01
48,1041,2024-07-18 08:41:21
175,1996,2024-06-29 00:21:53
347,1229,2024-09-08 12:10:06
352,1730,2024-03-01 05:21:15
477,1507,2024-07-23 18:35:37
323,1662,2024-07-22 18:21:05
43,1297,2024-06-30 20:07:08
224,1081,2024-12-18 07:47:19
411,1489,2024-04-26 15:52:05
77,1130,2024-09-22 18:16:05
463,1307,2024-11-22 19:42:08
128,1535,2024-06-15 02:44:57
152,1582,2024-01-19 12:51:35
283,1078,2024-12-22 05:52:28
24,1525,2024-02-11 19:12:16
262,1435,2024-06-09 09:37:11
49,1475,2024-09-13 15:37:02
369,1582,2024-11-11 16:04:33
130,1363,2024-04-08 23:28:09
300,1083,2024-10-25 12:18:25
258,1016,2024-02-14 05:57:20
380,1677,2024-06-28 18:20:40
92,1805,2024-03-11 18:18:10
432,1402,2024-01-18 13:50:30
43,1426,2024-12-06 11:57:07
361,1304,2024-05-01 22:11:31
301,1741,2024-06-25 16:53:24
388,1686,2024-06-23 17:49:06
320,1827,2024-04-12 22:40:20
175,1989,2024-12-22 13:25:24
447,1829,2024-03-13 16:45:12
109,1189,2024-01-31 09:04:05
383,1618,2024-04-10 17:00:57
447,1689,2024-02-11 07:04:24
223,1547,2024-01-07 22:58:55
3,1404,2024-02-15 07:31:12
7,1175,2024-09-11 16:30:29
245,1471,2024-09-25 16:06:05
208,1889,2024-09-12 10:22:03
495,1762,2024-08-21 17:59:51
372,1498,2024-04-27 14:18:01
317,1832,2024-08-27 12:28:42
185,1707,2024-09-18 16:18:01
494,1706,2024-09-19 04:24:33
203,1823,2024-04-27 12:57:52
45,1128,2024-02-22 11:21:11
8,1195,2024-02-13 11:06:00
418,1016,2024-09-27 07:29:33
497,1192,2024-11-29 14:34:20
14,1214,2024-07-05 20:20:14
333,1148,2024-09-09 08:00:50
124,1446,2024-11-23 00:50:41
321,1878,2024-11-02 19:26:28
276,1195,2024-02-03 10:27:00
155,1788,2024-06-28 23:26:21
76,1485,2024-06-12 20:11:57
12,1119,2024-03-05 12:12:55
463,1156,2024-10-13 21:56:22
360,1455,2024-07-07 08:57:51
242,1020,2024-11-29 21:53:01
231,1599,2024-04-04 05:28:20
104,1301,2024-08-09 03:28:35
425,1853,2024-06-01 03:13:11
27,1341,2024-01-04 01:23:37
53,1645,2024-11-25 04:28:47
366,1442,2024-06-10 10:28:24
435,1507,2024-10-13 06:04:04
297,1610,2024-10-10 22:08:45
284,1297,2024-01-15 09:01:31
250,1409,2024-07-07 18:47:21
263,1605,2024-10-08 09:53:37
314,1957,2024-09-20 13:38:36
464,1836,2024-12-02 22:56:12
250,1237,2024-10-04 09:40:06
32,1540,2024-01-08 09:16:33
217,1590,2024-05-02 15:56:12
284,1065,2024-04-14 00:31:56
458,1663,2024-06-11 00:00:10
456,1484,2024-02-15 09:58:00
254,1637,2024-12-30 15:46:59
331,1355,2024-06-23 02:41:43
358,1446,2024-01-09 01:56:04
83,1294,2024-10-09 00:45:35
99,1480,2024-05-13 12:53:23
225,1237,2024-07-16 03:30:35
113,1601,2024-12-19 01:08:52
351,1347,2024-12-23 23:11:54
309,1873,2024-11-23 04:21:46
367,1672,2024-06-30 22:25:53
68,1904,2024-04-23 22:37:50
371,1728,2024-05-31 14:31:24
492,1426,2024-11-19 12:52:31
482,1689,2024-09-10 09:44:33
377,1368,2024-11-05 03:00:10
242,1818,2024-11-23 23:36:07
83,1636,2024-03-21 11:19:26
145,1707,2024-10-17 23:33:22
45,1683,2024-07-06 12:51:31
67,1177,2024-03-18 11:19:39
81,1620,2024-07-10 03:30:12
52,1812,2024-06-10 13:15:18
483,1505,2024-04-27 22:14:26
121,1214,2024-08-04 06:02:11
25,1018,2024-05-19 08:08:05
452,1267,2024-05-18 15:53:24
347,1162,2024-03-08 20:27:35
424,1880,2024-12-13 08:56:52
258,1032,2024-11-09 08:03:57
33,1345,2024-06-16 05:40:25
59,1632,2024-03-29 00:54:22
62,1575,2024-03-28 00:43:21
250,1264,2024-05-12 04:03:05
402,1363,2024-10-25 19:05:04
24,1788,2024-12-06 20:53:02
286,1273,2024-12-14 02:17:11
78,1873,2024-09-25 00:31:47
448,1527,2024-08-22 16:23:10
343,1106,2024-10-01 08:10:15
26,1948,2024-06-19 00:50:26
410,1468,2024-11-22 20:15:08
387,1113,2024-02-11 02:59:01
401,1625,2024-08-24 18:24:15
401,1878,2024-02-09 13:28:44
422,1575,2024-01-17 07:11:00
260,1107,2024-03-05 20:59:03
323,1120,2024-12-04 05:05:30
106,1932,2024-05-20 10:42:52
81,1745,2024-04-23 10:47:00
363,1452,2024-10-22 22:01:32
260,1510,2024-10-11 11:52:42
446,1101,2024-02-29 22:08:25
332,1372,2024-05-09 22:46:05
420,1141,2024-02-17 18:17:20
435,1206,2024-06-19 12:47:14
497,1425,2024-10-25 17:38:36
394,1006,2024-04-05 06:30:41
428,1828,2024-07-02 22:51:44
175,1293,2024-07-15 03:09:10
88,1087,2024-04-13 07:26:43
191,1732,2024-10-20 03:40:02
213,1369,2024-09-01 10:48:35
341,1251,2024-02-28 21:07:08
386,1771,2024-07-24 16:41:54
216,1806,2024-03-29 14:48:37
71,1821,2024-06-15 12:55:07
212,1940,2024-06-07 23:02:21
460,1469,2024-11-27 00:51:18
265,1813,2024-09-21 22:33:07
186,1966,2024-01-12 13:24:38
227,1149,2024-10-26 02:20:08
6,1734,2024-11-09 02:45:55
265,1966,2024-01-28 00:32:37
44,1346,2024-05-02 06:11:28
206,1790,2024-03-04 19:37:01
223,1062,2024-06-01 17:30:26
389,1037,2024-09-13 09:17:16
473,1656,2024-02-28 14:58:31
463,1588,2024-01-23 10:49:35
324,1730,2024-11-06 07:52:45
339,1896,2024-07-20 20:41:07
499,1302,2024-06-11 20:12:31
206,1907,2024-09-21 10:10:28
359,1566,2024-12-05 06:02:32
156,1738,2024-10-15 10:26:32
161,1931,2024-05-13 15:46:44
5,1846,2024-04-18 15:44:43
461,1540,2024-08-25 01:21:00
472,1150,2024-09-28 23:13:23
207,1456,2024-09-07 01:23:25
106,1908,2024-07-30 10:24:41
320,1807,2024-08-28 01:55:29
334,1452,2024-09-27 20:54:02
177,1908,2024-11-11 06:48:50
401,1664,2024-06-06 02:15:59
398,1202,2024-12-08 03:16:45
155,1086,2024-01-15 08:35:13
276,1342,2024-05-31 11:00:11
372,1736,2024-10-14 09:47:11
451,1129,2024-07-21 03:07:45
277,1290,2024-03-24 00:09:00
48,1523,2024-08-02 07:01:00
160,1533,2024-05-12 07:38:12
388,1650,2024-03-03 03:33:46
12,1028,2024-12-11 18:22:39
408,1552,2024-08-18 02:32:01
133,1247,2024-11-19 04:56:10
397,1311,2024-10-09 03:33:25
217,1517,2024-02-12 21:23:35
375,1061,2024-11-22 20:07:34
191,1265,2024-08-31 11:57:57
260,1362,2024-02-18 02:01:15
25,1774,2024-09-09 19:24:34
482,1127,2024-06-23 06:31:51
153,1586,2024-10-13 04:01:15
3,1464,2024-05-11 15:31:31
121,1824,2024-10-16 14:58:08
298,1579,2024-10-04 12:59:38
458,1960,2024-08-31 19:00:05
341,1546,2024-11-23 23:16:15
305,1239,2024-05-16 01:22:43
154,1291,2024-09-16 00:10:01
402,1834,2024-10-04 14:55:35
294,1688,2024-02-24 08:37:43
366,1386,2024-07-20 19:38:39
378,1253,2024-02-10 20:47:09
168,1528,2024-08-14 04:04:22
99,1842,2024-10-29 08:36:26
185,1465,2024-02-08 01:18:46
76,1728,2024-06-14 07:44:17
425,1421,2024-02-01 19:48:10
48,1063,2024-06-14 00:13:52
455,1133,2024-07-03 23:00:01
110,1456,2024-01-31 07:41:24
190,1693,2024-07-23 09:03:27
207,1602,2024-08-05 01:57:48
266,1797,2024-06-02 07:38:21
447,1270,2024-08-14 22:06:21
256,1651,2024-06-13 10:34:51
226,1705,2024-12-27 13:52:50
486,1501,2024-10-11 04:05:46
499,1426,2024-11-15 22:28:58
84,1147,2024-07-15 10:15:58
66,1496,2024-10-03 04:24:13
235,1132,2024-09-30 14:38:45
263,1883,2024-07-24 11:57:09
61,1711,2024-03-23 13:58:19
234,1484,2024-01-13 15:55:22
383,1160,2024-08-05 02:30:23
190,1943,2024-02-16 02:58:47
309,1872,2024-06-07 16:36:47
57,1123,2024-05-23 12:47:27
293,1296,2024-01-16 15:27:24
268,1156,2024-02-15 17:26:13
191,1312,2024-05-25 10:13:04
156,1301,2024-07-07 17:09:15
15,1810,2024-02-25 11:38:21
73,1802,2024-08-16 23:41:46
216,1049,2024-12-29 19:48:04
458,1312,2024-12-11 06:36:49
146,1220,2024-03-12 02:24:09
420,1757,2024-07-08 19:53:13
2,1125,2024-07-31 15:25:03
179,1069,2024-12-04 00:57:48
23,1427,2024-07-05 20:53:21
294,1317,2024-08-07 17:18:08
232,1921,2024-05-11 04:44:27
401,1386,2024-07-03 13:26:30
428,1737,2024-11-19 18:29:35
311,1135,2024-10-22 21:54:00
71,1516,2024-09-04 04:14:22
236,1779,2024-06-23 17:38:45
342,1459,2024-02-27 20:37:06
444,1745,2024-05-06 07:14:07
46,1819,2024-08-30 15:16:56
341,1638,2024-06-08 02:00:45
199,1238,2024-12-15 14:53:10
203,1347,2024-07-29 02:26:01
24,1981,2024-09-17 08:59:22
456,1453,2024-10-12 19:12:15
143,1661,2024-02-04 09:09:30
444,1169,2024-10-01 15:39:43
13,1585,2024-09-01 17:02:36
408,1790,2024-10-01 17:26:06
159,1574,2024-09-07 13:19:26
64,1659,2024-08-05 05:32:46
44,1197,2024-08-28 06:44:23
278,1590,2024-10-21 05:29:06
28,1980,2024-08-09 11:03:46
268,1193,2024-10-18 11:42:46
244,1514,2024-12-14 07:22:51
10,1123,2024-09-12 15:22:32
480,1544,2024-03-10 19:19:47
493,1019,2024-04-16 18:50:11
403,1210,2024-04-05 06:14:15
425,1722,2024-11-21 19:16:38
455,1593,2024-06-21 12:31:07
44,1826,2024-07-26 04:59:21
311,1328,2024-06-05 01:01:39
302,1046,2024-07-09 20:51:38
442,1956,2024-01-10 00:49:45
175,1447,2024-03-11 02:27:23
213,1024,2024-11-29 20:30:14
271,1324,2024-05-28 08:36:01
132,1093,2024-02-14 12:33:55
51,1554,2024-03-06 07:19:38
147,1147,2024-03-11 22:35:52
131,1786,2024-02-04 19:23:55
79,1314,2024-06-07 04:05:29
348,1173,2024-01-23 21:06:56
315,1984,2024-05-06 07:55:44
93,1027,2024-10-04 00:26:37
30,1305,2024-05-31 10:30:05
51,1327,2024-02-25 07:49:42
212,1914,2024-05-05 21:55:43
133,1384,2024-11-17 11:06:32
461,1123,2024-01-21 03:32:20
104,1245,2024-10-19 02:23:40
306,1600,2024-04-01 20:15:25
253,1520,2024-10-19 04:46:58
259,1394,2024-02-14 16:38:10
138,1062,2024-05-03 15:06:38
238,1566,2024-06-07 02:13:39
34,1495,2024-01-12 05:25:39
209,1648,2024-03-31 18:37:08
468,1907,2024-01-08 05:34:38
138,1567,2024-08-15 15:31:31
346,1103,2024-04-05 15:49:56
391,1568,2024-09-10 00:53:40
403,1128,2024-04-28 07:11:50
291,1416,2024-06-22 04:51:21
43,1866,2024-09-03 22:04:34
257,1208,2024-10-31 00:59:06
496,1145,2024-05-24 23:27:24
277,1172,2024-10-30 16:59:19
126,1550,2024-06-13 13:39:32
493,1933,2024-08-03 14:23:38
232,1042,2024-01-01 09:19:49
417,1475,2024-11-18 02:18:19
318,1296,2024-09-10 14:56:58
498,1171,2024-01-01 05:03:37
31,1955,2024-12-23 23:53:54
247,1279,2024-08-20 04:31:52
129,1859,2024-09-21 02:02:19
195,1359,2024-11-23 04:05:51
324,1217,2024-08-15 06:04:43
431,1522,2024-04-19 06:00:40
24,1165,2024-10-14 01:41:03
274,1576,2024-01-28 03:50:36
154,1091,2024-06-02 12:30:31
358,1125,2024-11-18 12:48:12
72,1742,2024-08-04 02:45:39
144,1899,2024-06-16 18:10:54
108,1625,2024-07-15 01:15:56
491,1821,2024-05-03 14:48:27
453,1698,2024-05-13 01:35:31
326,1267,2024-10-19 07:36:59
363,1463,2024-04-16 00:40:00
126,1678,2024-05-04 21:53:08
175,1215,2024-06-27 13:38:25
492,1613,2024-05-07 13:26:36
9,1935,2024-09-25 16:27:48
69,1661,2024-12-24 04:03:56
2,1623,2024-07-04 01:34:18
3,1923,2024-01-04 17:16:44
345,1177,2024-06-09 10:57:30
285,1916,2024-09-27 11:45:24
361,1500,2024-10-23 02:41:28
202,1551,2024-02-01 12:21:41
404,1897,2024-09-09 02:01:30
334,1079,2024-07-28 04:34:32
16,1913,2024-11-19 03:35:01
418,1687,2024-06-21 21:20:53
345,1126,2024-05-17 02:08:57
498,1832,2024-05-26 04:04:57
424,1615,2024-05-19 00:28:57
199,1181,2024-11-21 21:24:20
394,1831,2024-09-27 16:47:30
5,1127,2024-06-28 16:36:25
190,1958,2024-03-15 22:48:18
228,1009,2024-03-27 00:43:23
381,1020,2024-10-21 12:59:45
144,1696,2024-12-23 20:03:29
364,1366,2024-03-15 09:01:05
47,1835,2024-08-26 05:42:01
321,1310,2024-11-09 22:58:09
368,1226,2024-03-31 23:26:32
253,1990,2024-05-20 23:23:51
19,1287,2024-07-10 09:34:54
464,1720,2024-10-01 13:25:09
311,1214,2024-01-03 18:30:24
101,1840,2024-09-04 22:39:20
203,1113,2024-12-03 20:12:25
143,1582,2024-07-13 07:22:22
253,1174,2024-08-02 07:00:38
100,1675,2024-10-13 22:15:11
290,1688,2024-09-22 00:16:34
309,1578,2024-03-09 04:02:50
34,1602,2024-02-19 19:20:34
382,1066,2024-02-19 11:44:31
133,1955,2024-08-09 07:53:01
439,1233,2024-12-08 03:32:38
268,1746,2024-10-30 19:07:25
141,1196,2024-11-25 04:49:50
348,1023,2024-09-26 03:05:45
348,1545,2024-08-26 15:09:00
130,1697,2024-08-05 12:39:33
453,1464,2024-01-01 18:13:17
481,1437,2024-09-05 22:14:19
345,1965,2024-09-09 10:43:09
27,1874,2024-12-30 13:52:16
166,1442,2024-11-23 21:50:01
209,1280,2024-02-17 06:29:28
349,1530,2024-06-30 04:54:12
254,1370,2024-07-19 21:11:01
389,1044,2024-12-09 05:38:08
370,1229,2024-01-19 05:44:32
143,1940,2024-06-12 03:15:44
273,1459,2024-05-02 19:35:19
3,1401,2024-03-16 13:52:45
172,1083,2024-12-07 19:06:43
293,1827,2024-01-10 20:29:00
378,1231,2024-09-24 19:03:43
217,1980,2024-01-29 21:50:04
470,1255,2024-03-17 11:01:29
85,1337,2024-04-30 16:55:14
33,1641,2024-08-30 20:10:08
50,1028,2024-07-05 09:36:40
222,1827,2024-01-10 07:54:55
304,1816,2024-08-31 05:30:43
479,1342,2024-11-22 10:05:54
129,1253,2024-02-11 21:08:51
243,1244,2024-05-12 08:30:16
427,1055,2024-11-15 02:10:55
171,1532,2024-11-04 09:39:07
122,1966,2024-01-29 07:34:41
398,1614,2024-08-28 14:46:43
225,1782,2024-02-07 03:42:57
321,1457,2024-08-12 20:03:37
64,1087,2024-01-24 13:38:35
470,1034,2024-05-26 13:34:39
161,1911,2024-11-25 05:03:48
356,1066,2024-10-30 22:47:30
66,1063,2024-12-22 22:46:48
411,1452,2024-01-22 06:40:08
155,1625,2024-08-31 04:28:09
222,1067,2024-02-09 13:06:06
347,1057,2024-08-05 04:39:46
27,1301,2024-11-26 01:54:55
196,1411,2024-02-07 05:12:09
317,1770,2024-06-08 15:48:15
120,1885,2024-08-20 20:27:07
404,1675,2024-08-30 08:10:39
6,1464,2024-05-29 02:23:38
238,1814,2024-06-15 06:14:04
451,1635,2024-08-28 11:38:49
52,1347,2024-09-09 19:01:38
481,1691,2024-10-31 01:25:42
14,1464,2024-07-19 20:46:24
169,1601,2024-03-15 18:03:21
56,1105,2024-01-05 18:32:16
305,1730,2024-01-27 05:33:36
304,1808,2024-11-22 12:37:57
100,1926,2024-08-10 14:43:27
65,1652,2024-07-16 15:16:23
132,1363,2024-06-12 12:04:10
247,1742,2024-08-29 02:44:58
228,1190,2024-04-04 10:20:43
71,1816,2024-01-18 02:46:10
31,1130,2024-05-01 00:56:44
300,1446,2024-07-18 06:40:42
492,1667,2024-10-19 23:16:18
184,1318,2024-08-14 16:09:38
454,1554,2024-10-28 04:08:36
75,1150,2024-07-01 08:16:43
159,1617,2024-05-13 04:03:45
150,1377,2024-01-04 03:19:41
266,1600,2024-09-12 09:59:31
348,1148,2024-01-23 06:14:21
122,1519,2024-11-14 03:20:46
428,1572,2024-11-29 11:41:04
28,1432,2024-05-13 12:35:54
101,1999,2024-03-18 19:36:05
328,1930,2024-03-19 03:53:26
403,1070,2024-05-12 15:29:40
97,1683,2024-07-03 18:04:44
356,1708,2024-06-30 12:30:21
308,1709,2024-05-08 14:29:56
437,1592,2024-08-07 20:24:20
494,1343,2024-08-27 06:29:50
154,1428,2024-05-07 14:57:05
84,1107,2024-06-25 10:24:08
449,1808,2024-12-19 14:52:34
22,1507,2024-03-26 05:00:39
472,1003,2024-09-05 01:44:25
115,1709,2024-03-30 10:18:33
239,1638,2024-03-23 18:35:41
123,1492,2024-10-12 06:50:21
394,1975,2024-11-12 09:06:47
170,1826,2024-10-14 10:03:30
193,1210,2024-06-04 11:11:00
95,1845,2024-01-03 14:41:06
186,1010,2024-01-29 15:13:27
184,1030,2024-08-03 10:06:01
59,1145,2024-04-22 20:21:59
226,1199,2024-09-02 04:27:53
300,1934,2024-10-24 07:16:56
185,1044,2024-01-12 12:41:22
102,1202,2024-04-20 08:00:43
90,1224,2024-12-09 20:21:37
135,1736,2024-03-08 16:26:58
174,1867,2024-08-03 08:21:38
126,1182,2024-03-17 02:44:11
12,1180,2024-11-23 08:13:27
135,1932,2024-02-09 07:09:40
11,1851,2024-09-20 02:18:49
71,1388,2024-09-11 07:49:23
404,1906,2024-02-13 02:18:22
174,1958,2024-03-22 15:33:15
157,1467,2024-04-03 06:21:34
190,1828,2024-05-24 14:33:21
339,1175,2024-07-23 15:18:47
410,1638,2024-12-08 09:42:07
223,1899,2024-10-03 02:27:39
34,1121,2024-02-26 02:12:21
452,1946,2024-02-20 19:05:41
407,1194,2024-03-15 10:35:56
273,1387,2024-09-26 15:50:50
192,1325,2024-08-20 20:12:11
220,1651,2024-04-04 23:22:04
472,1047,2024-10-23 08:26:35
316,1601,2024-03-14 10:33:35
438,1548,2024-04-24 05:58:54
405,1152,2024-05-07 06:12:16
127,1054,2024-09-01 10:59:03
408,1286,2024-12-04 23:33:56
65,1871,2024-07-16 09:24:53
496,1598,2024-12-10 00:34:26
251,1214,2024-10-09 10:54:49
42,1803,2024-07-01 18:56:13
405,1679,2024-08-26 19:09:25
34,1171,2024-07-16 12:37:27
199,1769,2024-12-08 16:46:11
331,1769,2024-07-16 17:42:04
192,1510,2024-07-20 12:25:38
238,1183,2024-05-04 23:36:32
365,1382,2024-07-23 01:47:17
356,1494,2024-10-04 22:20:24
490,1506,2024-07-02 23:44:45
138,1595,2024-06-04 17:05:17
327,1943,2024-11-03 01:09:15
299,1665,2024-01-15 05:10:42
107,1224,2024-12-13 12:55:45
104,1462,2024-12-01 05:18:40
121,1405,2024-03-25 21:26:28
157,1435,2024-12-11 03:22:03
194,1585,2024-03-02 01:17:49
479,1862,2024-05-25 06:55:59
131,1563,2024-02-02 22:00:37
69,1769,2024-02-02 15:11:56
152,1455,2024-07-20 11:45:34
181,1235,2024-08-14 18:55:20
22,1476,2024-07-17 22:37:43
319,1344,2024-06-14 11:33:42
231,1478,2024-06-16 23:14:41
210,1376,2024-11-08 10:31:30
255,1324,2024-04-16 00:43:33
196,1025,2024-03-10 17:40:26
227,1239,2024-04-13 03:48:11
331,1077,2024-05-19 10:59:19
462,1084,2024-04-24 09:06:18
432,1513,2024-07-18 03:33:30
280,1659,2024-01-31 08:29:41
403,1283,2024-12-25 20:35:35
117,1100,2024-02-16 01:19:09
37,1368,2024-01-15 20:48:30
280,1205,2024-05-09 14:50:54
101,1691,2024-05-07 20:45:04
129,1309,2024-10-16 09:52:23
418,1786,2024-09-22 11:02:53
433,1281,2024-03-15 00:54:58
362,1618,2024-02-23 12:59:45
438,1770,2024-10-05 03:19:52
379,1556,2024-12-20 08:01:17
134,1008,2024-10-26 01:37:45
154,1288,2024-11-15 08:28:26
178,1801,2024-06-05 19:47:33
485,1415,2024-11-15 04:18:09
297,1775,2024-09-11 11:55:04
7,1483,2024-09-11 00:34:13
263,1779,2024-02-27 23:24:03
444,1407,2024-03-29 09:11:07
117,1740,2024-10-17 22:27:49
108,1485,2024-03-31 18:27:28
265,1601,2024-11-01 05:48:52
283,1775,2024-07-01 00:57:28
370,1833,2024-06-28 04:34:13
175,1810,2024-02-03 08:25:15
161,1866,2024-03-13 22:51:24
220,1788,2024-09-28 01:17:02
214,1214,2024-06-19 08:48:05
231,1873,2024-08-04 21:06:05
16,1383,2024-02-23 23:06:35
296,1894,2024-02-19 20:16:05
157,1965,2024-10-13 12:50:29
5,1511,2024-11-10 17:29:18
338,1854,2024-05-17 17:41:36
174,1230,2024-06-11 18:44:10
218,1702,2024-10-19 06:59:04
207,1781,2024-10-29 09:28:57
354,1550,2024-04-26 08:49:16
167,1601,2024-01-10 00:36:39
291,1804,2024-01-13 12:12:34
473,1142,2024-02-29 16:30:22
488,1338,2024-08-08 15:55:22
323,1818,2024-08-22 04:23:35
468,1622,2024-08-10 20:56:14
444,1400,2024-05-28 02:08:47
105,1971,2024-05-31 16:59:34
33,1547,2024-05-30 01:49:28
97,1486,2024-02-12 04:34:58
169,1583,2024-06-24 08:36:51
328,1916,2024-04-28 07:30:05
48,1175,2024-02-10 12:16:09
346,1566,2024-03-09 23:41:18
17,1846,2024-09-24 14:10:27
309,1500,2024-01-11 10:09:10
96,1203,2024-01-27 23:42:12
467,1986,2024-05-29 20:47:37
146,1210,2024-03-31 12:05:05
150,1675,2024-07-22 15:43:19
36,1465,2024-01-23 07:30:08
189,1530,2024-01-05 06:57:58
88,1334,2024-11-29 21:03:11
466,1420,2024-05-31 21:21:55
81,1113,2024-02-20 03:39:01
275,1428,2024-07-04 17:37:25
381,1070,2024-05-31 01:40:35
490,1925,2024-12-02 04:54:14
106,1133,2024-12-04 01:10:24
106,1317,2024-06-16 20:24:08
419,1726,2024-09-15 04:18:59
244,1162,2024-08-22 10:58:47
295,1961,2024-04-30 12:20:01
301,1207,2024-07-14 03:24:23
367,1701,2024-06-27 05:47:02
142,1206,2024-01-03 21:22:35
74,1456,2024-01-25 20:14:38
423,1408,2024-08-22 21:35:51
414,1252,2024-07-23 05:20:16
169,1932,2024-08-09 01:35:58
451,1502,2024-06-27 17:25:02
237,1589,2024-01-16 04:17:47
378,1093,2024-04-21 19:31:56
331,1902,2024-12-22 20:43:48
234,1355,2024-09-28 23:25:23
432,1728,2024-11-03 17:12:26
153,1400,2024-08-26 01:49:49
422,1829,2024-11-26 01:07:09
90,1425,2024-04-06 18:06:17
92,1921,2024-08-27 21:43:17
376,1442,2024-06-26 19:16:03
197,1932,2024-09-12 23:04:16
94,1715,2024-08-08 19:52:42
49,1402,2024-09-28 07:50:27
485,1044,2024-04-03 02:07:18
454,1891,2024-03-02 08:02:06
141,1903,2024-08-31 22:09:35
276,1298,2024-09-15 21:41:34
470,1068,2024-09-28 02:14:29
372,1739,2024-12-16 09:26:13
112,1930,2024-07-10 15:38:15
211,1780,2024-08-02 16:41:31
63,1377,2024-01-30 17:20:42
387,1107,2024-07-14 21:18:02
393,1798,2024-05-06 14:39:45
210,1461,2024-03-05 00:24:42
130,1212,2024-07-15 12:51:49
23,1473,2024-01-11 09:01:43
38,1654,2024-09-26 17:04:33
346,1767,2024-06-28 09:15:25
196,1351,2024-10-16 16:49:38
205,1876,2024-03-16 11:58:21
204,1038,2024-01-05 04:04:46
129,1117,2024-10-02 09:17:14
470,1139,2024-05-07 00:53:22
344,1766,2024-06-29 07:04:55
249,1472,2024-01-27 12:00:59
43,1561,2024-09-12 03:53:40
125,1730,2024-06-18 23:52:48
72,1482,2024-11-14 14:55:51
143,1861,2024-03-03 16:02:42
88,1858,2024-01-08 00:23:18
311,1102,2024-03-09 19:57:53
151,1127,2024-07-26 15:20:05
380,1400,2024-03-06 10:05:57
40,1687,2024-10-23 13:09:56
6,1693,2024-04-16 02:53:44
79,1451,2024-05-19 01:36:45
92,1221,2024-10-04 10:48:18
18,1914,2024-09-19 03:52:02
273,1221,2024-06-20 16:16:49
357,1048,2024-11-20 20:45:20
326,1830,2024-07-22 01:32:35
329,1678,2024-10-05 05:25:45
338,1918,2024-02-09 22:06:10
200,1706,2024-04-29 17:47:25
228,1053,2024-08-20 07:40:40
3,1049,2024-10-26 23:22:48
194,1785,2024-03-19 08:20:05
476,1255,2024-05-25 11:56:30
466,1244,2024-03-18 16:00:06
47,1016,2024-06-12 18:22:04
15,1014,2024-05-10 22:09:17
421,1196,2024-09-21 01:40:55
343,1064,2024-03-26 15:50:28
491,1903,2024-02-07 12:24:25
409,1855,2024-11-18 12:21:40
341,1171,2024-10-08 04:16:34
86,1045,2024-06-10 10:25:06
263,1110,2024-11-12 18:10:11
168,1330,2024-08-06 06:43:26
321,1194,2024-08-30 14:22:39
107,1956,2024-07-29 09:02:04
203,1961,2024-06-15 04:08:00
62,1237,2024-03-24 00:34:26
55,1365,2024-05-05 14:00:23
89,1015,2024-06-05 04:12:42
335,1323,2024-01-05 15:40:28
200,1217,2024-06-27 04:06:05
113,1067,2024-09-12 12:38:51
418,1285,2024-09-09 09:55:35
320,1377,2024-01-18 01:32:26
35,1906,2024-03-25 21:08:05
211,1308,2024-10-25 02:02:20
307,1511,2024-02-09 12:58:17
365,1549,2024-11-03 07:04:32
473,1870,2024-08-09 01:22:32
88,1257,2024-02-06 19:05:00
308,1332,2024-09-02 00:10:16
357,1397,2024-09-20 06:29:26
474,1995,2024-10-26 14:01:43
356,1136,2024-05-08 22:53:53
90,1650,2024-10-22 19:42:37
453,1704,2024-05-03 11:40:01
436,1682,2024-07-06 05:46:51
35,1343,2024-01-07 20:29:55
312,1933,2024-08-15 04:56:21
230,1391,2024-07-17 11:06:31
328,1759,2024-03-31 06:21:44
258,1601,2024-09-30 15:37:10
7,1238,2024-01-09 05:43:22
316,1777,2024-12-14 06:35:24
64,1316,2024-04-01 19:22:24
378,1438,2024-10-21 02:02:30
125,1634,2024-01-31 19:57:54
31,1140,2024-05-25 10:48:47
256,1303,2024-03-19 10:53:10
78,1384,2024-03-20 09:00:33
329,1038,2024-04-02 10:55:01
473,1742,2024-08-20 06:27:53
485,1454,2024-10-14 02:21:42
450,1336,2024-02-22 03:27:33
143,1325,2024-09-06 22:48:21
403,1778,2024-01-16 09:10:06
267,1810,2024-06-10 03:05:12
332,1832,2024-04-22 00:35:47
385,1024,2024-03-29 22:31:41
434,1750,2024-05-08 15:39:45
176,1248,2024-03-20 22:21:27
277,1055,2024-12-18 02:25:23
470,1680,2024-04-06 10:40:42
411,1703,2024-09-27 09:46:54
369,1227,2024-08-24 03:33:35
447,1390,2024-07-21 12:28:14
165,1187,2024-06-20 19:06:08
323,1006,2024-01-26 02:16:22
446,1503,2024-01-28 04:18:24
489,1197,2024-01-21 05:40:16
325,1144,2024-12-30 09:21:08
105,1128,2024-02-05 15:15:34
89,1606,2024-08-01 03:37:32
426,1814,2024-12-27 21:07:25
105,1241,2024-07-16 01:32:22
41,1436,2024-10-08 13:23:17
240,1318,2024-03-04 18:04:15
370,1202,2024-04-05 02:51:57
218,1180,2024-08-23 06:56:34
128,1310,2024-04-20 19:40:54
296,1459,2024-09-03 20:15:23
104,1278,2024-11-30 22:23:18
401,1492,2024-02-01 01:48:10
487,1995,2024-05-19 15:32:47
204,1386,2024-03-06 03:41:34
242,1451,2024-06-13 03:49:26
259,1624,2024-10-12 10:01:35
222,1778,2024-03-01 12:53:33
420,1976,2024-11-04 04:30:08
247,1020,2024-10-22 21:41:44
196,1437,2024-11-27 16:15:01
43,1777,2024-12-18 00:47:30
472,1307,2024-08-19 03:30:39
276,1156,2024-08-02 16:57:19
373,1179,2024-04-09 22:07:57
195,1474,2024-04-28 18:42:11
233,1290,2024-05-25 16:37:20
288,1620,2024-07-05 17:47:38
37,1341,2024-02-23 01:43:46
367,1480,2024-03-17 00:12:10
80,1938,2024-03-14 15:26:26
3,1013,2024-11-30 15:12:28
257,1747,2024-10-08 16:42:32
192,1503,2024-06-06 02:43:41
474,1425,2024-06-02 06:24:06
497,1760,2024-05-24 21:57:45
197,1501,2024-04-29 13:00:17
329,1602,2024-01-28 15:57:08
210,1906,2024-01-16 01:53:34
472,1127,2024-05-29 10:50:18
478,1579,2024-03-04 01:19:37
100,1781,2024-06-18 10:35:29
491,1261,2024-10-26 12:45:39
468,1769,2024-10-07 11:48:50
179,1521,2024-10-02 09:33:22
251,1650,2024-09-24 09:11:10
189,1713,2024-01-23 09:50:45
334,1394,2024-12-25 19:46:50
218,1753,2024-04-05 20:15:59
125,1489,2024-01-14 09:38:01
472,1832,2024-05-20 08:37:31
324,1723,2024-09-19 16:44:36
15,1714,2024-09-15 12:32:47
331,1151,2024-04-11 11:46:43
310,1466,2024-09-21 11:59:59
76,1260,2024-04-06 02:04:23
309,1592,2024-09-14 07:55:23
431,1165,2024-01-05 18:59:34
60,1789,2024-02-05 20:21:08
330,1728,2024-12-22 01:58:03
197,1407,2024-10-01 05:02:50
301,1997,2024-12-15 21:53:17
42,1530,2024-12-19 09:20:26
97,1897,2024-06-13 06:07:54
85,1849,2024-06-14 18:43:49
